ticker,Price/Book (mrq),Trailing P/E,Forward P/E 1,PEG Ratio (5 yr expected) 1,Price/Sales (ttm),Total Debt/Equity (mrq),Diluted EPS (ttm),Trailing Annual Dividend Yield 3,Forward Annual Dividend Yield 4,% Held by Insiders 1,% Held by Institutions 1,Return on Equity (ttm),Return on Assets (ttm),Quarterly Earnings Growth (yoy),current_price
MMM,9.11,21.86,20.88,2.17,3.66,152.93,9.25,2.91%,2.93%,0.12%,67.34%,46.74%,9.61%,43.30%,199.63
ABT,6.66,38.66,24.69,2.45,5.91,60.27,3.19,1.31%,1.46%,0.72%,75.79%,,,217.90%,122.58
ABBV,15.03,40.95,8.97,,4.07,665.02,2.72,4.35%,4.67%,0.10%,69.79%,187.70%,8.19%,-98.70%,111.39
ABMD,12.59,79.96,,,19.69,0.86,4.39,,,2.12%,97.09%,17.37%,10.82%,-10.60%,348.2
ACN,10.13,34.57,34.48,3.69,4.13,18.44,8.45,1.18%,1.21%,0.11%,73.54%,31.88%,11.57%,16.70%,289.52
ATVI,4.79,32.99,25.84,1.83,8.95,25.90,2.82,0.51%,0.51%,1.32%,90.58%,15.78%,8.23%,-3.00%,94.24
ADBE,18.20,44.93,44.64,2.65,18.24,34.75,11.49,,,0.30%,85.79%,46.36%,12.86%,32.00%,515.7
AMD,17.22,40.17,43.29,1.56,10.23,9.80,2.06,,,0.58%,77.38%,57.48%,11.42%,947.60%,85.41
AAP,3.66,27.98,19.65,1.18,1.36,98.61,7.14,0.50%,2.00%,0.40%,104.76%,13.87%,4.33%,16.80%,197.14
AES,7.18,471.67,18.21,2.40,1.96,422.41,0.06,2.02%,2.13%,0.33%,106.11%,2.96%,4.29%,,28.21
AFL,1.09,8.00,11.00,,1.73,26.41,6.67,2.10%,2.47%,8.91%,61.97%,15.29%,1.73%,21.90%,53.37
A,8.67,52.57,35.59,2.74,7.69,55.68,2.60,0.54%,0.57%,0.29%,91.13%,16.78%,7.50%,46.20%,137.34
APD,5.06,34.03,31.75,1.97,7.19,61.56,8.51,1.85%,2.07%,0.28%,85.96%,15.46%,6.11%,1.30%,290.18
AKAM,4.11,31.75,19.76,1.76,5.53,65.32,3.37,,,1.98%,93.19%,14.09%,5.94%,-4.80%,109.75
ALK,3.00,83.02,131.58,,3.14,178.26,-9.88,0.00%,,0.42%,80.66%,-35.50%,-9.62%,,69.48
ALB,4.41,45.80,46.73,3.08,5.50,83.05,3.52,0.96%,0.97%,0.35%,80.10%,10.43%,3.38%,-6.40%,170.57
ARE,2.26,29.84,47.17,,12.03,58.83,6.01,2.36%,2.43%,1.13%,92.76%,7.01%,1.64%,118.10%,179.57
ALXN,3.16,61.37,13.53,2.35,6.10,25.16,2.72,,,0.39%,91.05%,5.26%,10.10%,-39.70%,167.0
ALGN,15.17,27.67,71.94,3.78,19.88,2.66,22.41,,,6.76%,87.27%,77.55%,6.60%,31.10%,617.24
ALLE,17.11,30.30,28.33,4.30,4.66,208.37,4.57,0.95%,1.04%,0.29%,96.82%,62.79%,12.72%,"26,900.00%",136.25
LNT,2.48,22.85,21.88,3.27,4.11,121.96,2.47,2.69%,2.85%,0.10%,75.51%,10.87%,2.60%,-42.30%,56.24
ALL,1.33,7.22,9.73,2.26,0.88,27.59,17.31,1.73%,2.59%,0.44%,79.54%,19.84%,4.33%,48.00%,125.3
GOOGL,6.97,39.24,33.78,1.63,9.24,12.52,58.61,,,0.13%,81.24%,19.00%,8.65%,42.70%,2309.93
GOOG,7.01,39.50,34.01,1.64,9.30,12.52,58.61,,,5.90%,68.02%,19.00%,8.65%,42.70%,2326.74
MO,30.92,19.75,10.35,6.31,4.23,993.96,2.40,7.17%,7.26%,0.09%,61.51%,95.56%,15.00%,,47.22
AMZN,18.03,79.87,62.89,1.53,4.41,108.38,41.83,,,14.07%,58.92%,27.44%,5.24%,121.00%,3409.0
AMCR,3.82,23.84,14.84,,1.48,143.09,0.31,4.01%,4.03%,0.22%,38.00%,15.26%,5.06%,17.70%,11.74
AEE,2.42,24.22,22.68,3.06,3.64,127.94,3.50,2.36%,2.59%,0.44%,77.72%,10.15%,2.90%,22.30%,84.2
AAL,,2.81,7.39,,0.88,,-14.73,0.00%,,1.04%,52.71%,,-12.77%,,22.04
AEP,2.09,19.19,18.69,3.31,2.82,170.87,4.57,3.28%,3.38%,0.03%,74.85%,11.02%,2.46%,16.10%,87.6
AXP,4.83,23.66,20.92,0.87,3.43,178.73,6.10,1.19%,1.19%,0.11%,86.54%,22.01%,2.64%,509.00%,150.34
AIG,0.62,6.04,11.19,0.55,0.93,57.41,-6.88,2.70%,2.70%,0.11%,93.00%,-8.66%,0.31%,,47.53
AMT,27.60,67.03,49.51,2.57,14.09,767.95,3.79,1.78%,1.95%,0.29%,93.01%,29.76%,4.37%,-35.10%,252.99
AWK,4.48,40.76,37.59,4.24,7.68,171.03,3.91,1.35%,1.38%,0.22%,86.78%,11.28%,3.42%,48.00%,157.71
AMP,4.95,20.42,12.66,0.96,2.62,101.11,12.20,1.64%,1.67%,0.21%,85.10%,26.46%,1.06%,-61.80%,247.5
ABC,5.58,13.93,14.41,1.62,0.13,,-15.76,1.40%,1.45%,27.99%,66.79%,-250.82%,3.28%,99.80%,119.73
AME,5.24,35.81,31.45,2.36,6.87,43.48,3.77,0.53%,0.59%,0.43%,88.85%,15.77%,6.49%,0.10%,134.69
AMGN,15.73,20.88,15.34,1.84,5.96,355.46,12.31,2.49%,2.74%,0.19%,77.63%,76.14%,9.51%,-5.20%,255.52
APH,7.66,35.19,31.25,2.80,4.92,75.12,1.96,0.76%,1.69%,0.51%,96.01%,24.15%,8.87%,12.00%,68.98
ADI,4.85,42.18,25.64,2.21,10.10,44.11,3.77,1.60%,1.74%,0.32%,97.41%,11.82%,5.15%,90.60%,160.64
ANSS,7.90,74.79,55.25,5.26,19.30,23.00,4.97,,,0.45%,94.15%,11.49%,5.82%,30.00%,376.88
ANTM,2.76,20.37,15.31,1.45,0.79,71.20,18.69,1.04%,1.18%,0.21%,93.34%,14.38%,5.86%,9.30%,377.51
AON,14.94,27.32,21.37,1.74,4.86,249.09,8.45,0.77%,0.88%,0.84%,105.36%,57.37%,5.93%,40.10%,229.52
AOS,5.98,32.25,27.10,2.71,3.84,8.59,2.12,1.43%,1.52%,0.87%,95.30%,19.62%,8.87%,31.40%,67.9
APA,,,7.33,1.46,1.55,5827.74,-12.86,0.55%,0.57%,0.29%,85.42%,-185.83%,-17.66%,,18.65
AAPL,34.05,36.20,32.05,3.04,7.92,169.19,3.69,0.60%,0.61%,0.08%,59.78%,82.09%,13.36%,29.30%,134.72
AMAT,10.79,32.26,22.57,1.80,6.83,49.66,4.18,0.65%,0.71%,0.37%,82.74%,38.31%,14.14%,26.70%,137.3
APTV,4.96,21.76,38.17,1.59,3.00,55.57,6.66,0.15%,,0.55%,97.73%,30.09%,3.27%,30.00%,145.2
ADM,1.66,18.86,15.55,7.55,0.52,55.08,3.15,2.42%,2.49%,0.50%,81.30%,9.05%,2.41%,36.30%,59.98
ANET,7.32,39.88,31.65,2.27,10.93,2.72,7.99,,,27.91%,65.04%,20.42%,9.89%,-29.80%,321.07
AJG,4.35,32.84,27.86,,3.84,80.54,4.20,1.30%,1.39%,0.93%,87.58%,14.99%,3.34%,44.40%,135.83
AIZ,1.58,22.29,16.64,,0.98,39.14,6.99,1.64%,1.69%,1.00%,94.10%,7.61%,1.10%,9.10%,155.17
T,1.35,19.23,10.06,3.91,1.30,110.32,-0.34,6.62%,6.63%,0.10%,52.96%,-0.44%,2.94%,63.80%,30.91
ATO,1.84,20.15,20.53,2.90,4.49,71.05,5.15,2.27%,2.42%,1.01%,90.69%,9.60%,3.49%,21.80%,102.41
ADSK,67.16,54.28,59.17,2.11,17.30,217.98,5.44,,,0.19%,93.56%,292.40%,6.03%,591.40%,299.34
ADP,14.21,33.94,30.40,3.54,5.78,41.53,5.77,1.87%,1.90%,0.11%,81.32%,44.07%,4.21%,-0.60%,195.14
AZO,,18.67,18.80,1.45,2.60,,79.10,,,0.37%,95.23%,,12.65%,15.60%,1443.88
AVB,2.52,32.92,67.57,5.89,11.83,72.02,5.89,3.28%,3.28%,0.34%,94.12%,7.61%,2.33%,103.50%,194.77
AVY,11.30,30.58,25.97,4.55,2.44,155.82,6.61,1.17%,1.35%,0.62%,92.81%,41.35%,9.44%,17.80%,200.79
BKR,1.20,66.70,29.85,0.49,0.69,43.73,,,3.60%,4.96%,90.11%,-1.51%,1.78%,,20.14
BLL,9.41,53.40,26.95,5.41,2.65,242.58,1.76,0.64%,0.64%,0.62%,84.89%,18.31%,4.44%,41.90%,92.9
BAC,1.35,16.82,14.04,1.43,3.98,,2.33,1.84%,1.84%,0.11%,72.21%,8.14%,0.79%,100.70%,39.41
BK,1.01,12.69,11.98,1.64,2.76,,3.75,2.61%,2.61%,0.23%,86.54%,8.29%,0.77%,-5.40%,48.11
BAX,5.11,41.25,25.97,2.56,3.89,77.97,2.13,1.09%,1.12%,0.17%,90.22%,13.34%,6.14%,,87.36
BDX,3.01,49.30,20.16,1.74,4.03,72.25,5.26,1.25%,1.30%,0.66%,86.63%,6.97%,3.82%,260.80%,257.45
BBY,6.42,17.21,16.29,1.39,0.66,88.99,6.84,2.00%,2.38%,11.84%,83.61%,44.58%,9.33%,9.50%,117.02
BIO,1.93,5.07,50.76,1.07,7.59,2.28,126.20,,,14.29%,81.20%,48.69%,2.43%,51.60%,648.34
BIIB,3.70,13.53,14.37,6.24,3.25,71.72,19.29,,,0.64%,87.79%,26.49%,9.27%,-70.70%,269.46
BLK,3.52,23.59,21.88,2.86,7.43,21.43,34.51,1.85%,2.03%,1.21%,86.78%,,,48.80%,818.32
BA,,,227.27,6.53,2.33,,-20.88,0.86%,,0.09%,54.74%,,-3.79%,,241.44
BKNG,20.10,1.66k,56.82,1.09,14.51,256.26,1.44,,,0.35%,95.78%,1.09%,1.68%,,2458.25
BWA,1.90,21.78,12.33,0.63,1.07,59.58,2.34,1.33%,1.33%,0.52%,101.00%,9.80%,4.71%,62.70%,50.49
BXP,2.86,19.14,41.32,21.02,5.96,161.71,5.54,3.70%,3.70%,0.16%,98.38%,12.46%,2.52%,-92.80%,107.33
BSX,3.96,14.05,27.78,2.21,6.11,62.73,-0.08,,,0.25%,93.21%,-0.56%,2.30%,-94.70%,42.27
BMY,3.90,93.81,8.74,6.34,3.51,136.43,-3.99,2.79%,2.96%,0.07%,76.65%,-20.08%,3.90%,,65.89
AVGO,7.94,53.89,17.33,1.28,7.99,174.72,8.65,2.94%,3.09%,2.36%,82.57%,16.36%,4.27%,257.90%,471.85
BR,13.13,36.71,27.10,2.54,4.07,144.26,4.43,1.37%,1.41%,0.83%,88.57%,40.53%,9.24%,457.40%,161.02
CHRW,6.96,26.82,22.83,2.27,0.84,75.96,3.72,2.04%,2.04%,0.75%,98.38%,28.53%,8.60%,49.10%,98.14
COG,2.91,32.24,11.07,0.41,4.40,52.69,0.50,2.48%,2.48%,2.55%,101.98%,9.18%,4.11%,-10.70%,16.44
CDNS,15.90,67.34,47.62,4.92,14.81,19.84,2.11,,,1.38%,89.25%,25.70%,11.20%,-73.70%,144.23
CZR,3.98,16.59,9.07,,3.58,535.00,-13.52,,,4.76%,97.24%,-57.16%,0.11%,,96.98
CPB,5.06,18.40,15.72,1.04,1.66,213.95,2.66,2.91%,3.03%,35.52%,54.15%,29.72%,7.29%,-79.70%,47.92
COF,1.03,26.14,10.71,0.53,2.23,,5.18,0.74%,1.18%,0.87%,92.90%,4.60%,0.67%,118.20%,138.29
CAH,9.15,13.21,9.89,4.76,0.12,340.91,4.70,3.16%,3.16%,0.17%,87.13%,93.05%,2.76%,185.90%,60.48
KMX,4.90,29.00,22.78,2.13,1.14,358.72,4.52,,,0.31%,99.45%,18.37%,3.06%,-2.30%,131.43
CCL,1.64,5.99,33.33,,28.84,165.24,-13.02,0.00%,,9.06%,51.34%,-51.82%,-8.02%,,27.55
CARR,6.18,19.76,22.83,1.72,2.24,167.68,,,1.11%,0.06%,86.45%,19.09%,5.14%,100.90%,44.1
CTLT,5.66,62.78,34.84,3.26,5.39,80.21,1.80,,,0.56%,102.64%,11.27%,4.48%,94.30%,115.69
CAT,8.18,42.14,27.78,1.91,3.02,245.73,5.46,1.79%,1.79%,0.19%,70.08%,20.01%,3.95%,-29.00%,230.56
CBOE,3.34,24.44,20.96,,3.33,40.27,4.55,1.03%,1.61%,0.46%,84.15%,13.97%,7.68%,1.20%,104.94
CBRE,3.94,37.34,22.37,1.20,1.18,56.15,2.22,,,0.69%,98.26%,10.97%,4.33%,-50.80%,84.05
CDW,19.78,33.51,25.58,,1.43,358.21,5.45,0.84%,0.88%,0.90%,94.61%,69.86%,8.56%,28.40%,183.11
CE,5.07,8.84,14.10,2.19,3.07,97.75,17.84,1.61%,1.73%,0.21%,99.21%,62.32%,5.65%,47.70%,157.76
CNC,1.48,20.95,12.42,1.08,0.34,70.55,3.12,,,1.14%,94.59%,9.28%,4.68%,,66.0
CNP,2.22,12.80,16.86,13.41,1.73,161.62,-1.79,3.07%,2.65%,0.19%,103.14%,-7.07%,2.21%,27.40%,23.99
CERN,5.09,29.98,23.98,2.27,4.24,33.31,2.52,1.01%,1.16%,0.13%,88.18%,17.73%,7.21%,-8.30%,75.61
CF,3.47,32.19,18.59,0.82,2.47,75.37,1.47,2.54%,2.54%,0.52%,92.28%,7.69%,3.21%,58.20%,48.47
SCHW,2.62,29.58,21.88,1.71,7.72,36.33,2.32,1.07%,1.07%,7.22%,74.14%,9.74%,0.85%,86.70%,67.77
CHTR,5.95,42.70,32.68,0.90,2.86,277.93,15.40,,,28.65%,66.59%,10.64%,3.59%,74.50%,652.57
CVX,1.49,43.77,19.57,0.51,2.01,36.33,-2.96,5.08%,5.08%,0.04%,67.57%,-4.00%,-0.87%,,101.52
CMG,19.71,102.91,62.89,2.27,6.62,154.91,14.27,,,1.37%,94.55%,21.57%,4.77%,66.40%,1470.79
CB,1.28,21.73,14.64,0.96,2.13,32.00,7.79,1.83%,1.89%,0.52%,89.90%,6.16%,1.24%,106.10%,166.03
CHD,7.10,28.06,28.74,3.93,4.51,79.93,3.12,1.10%,1.15%,0.15%,89.64%,27.63%,8.31%,4.00%,86.07
CI,1.74,10.97,12.45,1.10,0.57,66.61,22.96,0.02%,1.59%,1.45%,93.46%,17.73%,3.57%,323.20%,249.38
CINF,1.63,14.60,27.47,,2.36,8.33,7.49,2.19%,2.30%,7.43%,71.61%,11.77%,3.67%,67.60%,109.02
CTAS,9.74,38.74,34.84,3.09,5.50,72.49,9.14,1.20%,0.85%,14.55%,66.34%,27.67%,9.58%,10.20%,349.36
CSCO,5.60,21.72,15.31,3.37,4.58,39.93,2.39,2.77%,2.85%,0.06%,73.82%,27.14%,9.12%,-11.60%,51.64
C,0.82,9.79,9.23,1.28,2.03,,7.29,2.86%,2.86%,0.21%,77.64%,8.35%,0.73%,214.90%,72.2
CFG,0.93,12.62,10.53,,2.78,,3.56,3.47%,3.47%,0.43%,100.80%,7.33%,0.90%,"1,697.10%",45.74
CTXS,155.54,35.12,22.03,2.29,5.48,1762.70,4.00,1.00%,1.05%,0.72%,96.87%,106.22%,8.36%,-45.90%,140.6
CLX,20.03,19.72,22.94,3.35,3.22,228.77,9.56,2.33%,2.35%,0.17%,86.01%,127.03%,15.58%,40.00%,187.82
CME,2.83,35.32,30.67,4.98,15.22,15.45,5.87,1.64%,1.74%,0.46%,87.37%,8.02%,1.67%,-9.70%,204.69
CMS,3.38,24.29,22.47,3.17,2.75,250.62,2.64,2.54%,2.71%,0.52%,92.15%,13.51%,3.27%,-5.40%,63.95
KO,11.54,32.62,24.88,2.89,7.05,201.43,1.67,3.03%,3.08%,0.64%,69.08%,34.28%,6.95%,-19.10%,53.66
CTSH,3.84,30.62,19.88,1.84,2.56,16.43,2.57,1.12%,1.21%,0.25%,93.85%,12.74%,9.00%,-20.00%,79.56
CL,91.01,25.41,24.15,3.89,4.16,746.05,3.14,2.19%,2.26%,0.22%,81.29%,344.79%,15.30%,0.60%,79.28
CMCSA,2.76,23.86,19.19,1.38,2.43,121.90,2.28,1.69%,1.84%,0.69%,85.69%,12.01%,4.07%,6.90%,54.32
CMA,1.27,11.44,13.09,1.00,3.76,,6.14,3.86%,3.86%,0.55%,81.46%,11.35%,1.09%,,71.01
CAG,2.19,15.48,13.99,1.85,1.57,114.12,2.43,2.59%,2.92%,0.39%,87.91%,14.72%,6.15%,37.70%,37.2
COP,2.25,14.03,16.98,5.66,2.85,54.12,-2.51,3.40%,3.46%,0.09%,62.79%,-8.18%,-1.53%,,50.25
ED,1.41,23.61,18.21,6.39,2.12,132.12,3.28,3.95%,4.00%,0.17%,63.55%,6.14%,2.55%,-85.40%,76.87
STZ,3.43,23.52,23.75,2.72,5.45,78.84,10.32,1.25%,1.26%,9.69%,83.72%,15.39%,6.80%,-3.90%,238.51
COO,3.38,9.08,33.33,3.11,8.28,35.17,45.38,0.01%,0.01%,0.57%,99.10%,46.27%,3.39%,"2,221.70%",409.65
CPRT,10.01,42.26,35.46,,13.06,17.39,2.95,,,10.84%,82.59%,27.89%,16.25%,14.70%,123.45
GLW,3.25,85.65,22.68,1.56,3.16,64.70,0.54,1.90%,2.08%,10.73%,76.36%,3.87%,2.84%,687.50%,46.07
CTVA,1.45,49.62,25.51,1.61,2.57,6.52,-1.28,0.53%,1.08%,0.09%,81.40%,3.05%,1.78%,,48.87
COST,10.55,38.17,37.04,4.09,0.93,63.66,9.78,0.75%,0.85%,0.22%,69.90%,26.61%,7.79%,2.10%,368.52
CCI,9.00,83.19,75.19,3.64,13.59,290.01,2.24,1.99%,2.84%,0.46%,90.70%,10.38%,2.72%,-34.60%,186.1
CSX,5.94,29.21,23.47,1.95,7.49,127.66,3.53,1.03%,1.09%,0.14%,77.05%,21.57%,6.91%,-8.30%,102.32
CMI,4.77,21.85,18.66,1.77,1.97,51.82,12.01,2.01%,2.06%,0.44%,86.24%,20.75%,5.64%,67.00%,259.05
CVS,1.44,13.90,10.11,1.61,0.37,122.01,5.46,2.63%,2.63%,0.18%,78.43%,10.76%,3.77%,-44.30%,75.75
DHI,2.73,11.39,11.29,0.86,1.50,33.69,8.63,0.76%,0.81%,9.92%,82.76%,26.60%,13.30%,92.60%,100.41
DHR,4.99,40.78,33.11,2.91,7.60,52.57,6.37,0.29%,0.32%,11.31%,81.11%,13.30%,5.23%,186.10%,258.1
DRI,7.31,,21.41,1.58,3.00,223.45,-1.70,0.47%,1.07%,0.77%,92.95%,-8.80%,0.12%,-44.60%,142.14
DVA,8.94,17.78,13.95,0.91,1.21,386.43,6.31,,,3.12%,93.10%,31.40%,6.26%,-29.00%,113.35
DE,8.37,34.43,25.06,1.80,3.24,329.26,10.93,0.81%,0.96%,0.13%,80.51%,26.58%,4.73%,136.80%,380.45
DAL,60.78,4.86,93.46,23.16,2.30,7544.61,-20.51,0.01%,,0.32%,66.16%,-176.16%,-10.03%,,46.61
XRAY,2.91,126.19,24.39,18.91,4.34,49.40,-0.38,0.60%,0.60%,0.32%,99.27%,-1.65%,1.89%,-3.80%,66.31
DVN,5.03,,12.11,5.22,1.67,150.81,-7.12,1.96%,3.00%,0.91%,56.69%,-56.90%,0.39%,,21.87
DXCM,21.97,82.02,175.44,12.34,21.00,101.19,5.06,,,0.54%,97.89%,36.44%,5.60%,283.20%,418.77
FANG,1.56,,10.03,0.48,4.28,59.40,-28.59,2.00%,2.13%,0.81%,91.75%,-37.81%,1.41%,,77.46
DLR,2.50,149.04,169.49,3.21,10.02,81.18,1.00,3.01%,3.11%,0.24%,96.45%,2.49%,1.30%,-82.80%,148.23
DFS,2.59,11.57,10.46,0.80,2.87,172.87,8.89,1.71%,1.71%,0.53%,88.38%,25.62%,2.47%,,106.19
DISCA,1.79,21.22,13.28,2.37,2.42,132.41,1.42,,,2.84%,142.80%,11.13%,5.13%,-43.10%,38.85
DISCK,1.51,17.93,11.22,2.00,2.04,132.41,1.42,,,4.87%,85.58%,11.13%,5.13%,-43.10%,32.99
DISH,1.63,14.07,12.99,1.58,1.60,111.97,3.02,,,14.20%,85.59%,14.28%,5.14%,88.10%,43.08
DG,7.66,20.09,22.62,2.43,1.58,204.02,10.62,0.68%,0.79%,0.25%,95.75%,39.74%,9.13%,20.00%,211.73
DLTR,3.71,20.45,18.52,1.75,1.07,132.32,5.65,,,1.33%,92.06%,19.82%,6.76%,308.80%,113.98
D,2.70,43.62,20.53,6.79,4.65,142.26,-0.57,4.35%,3.17%,0.27%,67.78%,4.39%,2.25%,-32.40%,78.68
DPZ,,32.10,31.35,2.48,3.83,,12.39,0.78%,0.95%,0.71%,97.39%,,30.75%,17.50%,400.21
DOV,6.09,29.05,22.08,1.92,3.12,87.55,5.10,1.33%,1.34%,0.93%,85.28%,22.84%,7.34%,32.00%,146.39
DOW,3.31,23.53,14.60,,1.14,129.55,2.65,4.51%,4.60%,0.14%,68.49%,14.57%,3.02%,314.60%,62.2
DTE,2.15,19.47,19.16,2.95,2.18,156.10,7.08,2.99%,3.15%,0.65%,74.23%,11.23%,2.84%,3.00%,137.53
DUK,1.67,58.39,19.16,4.87,3.09,130.64,1.72,3.83%,3.87%,0.10%,62.63%,2.21%,2.16%,,99.2
DRE,3.28,56.71,66.67,27.50,17.09,65.86,0.81,2.16%,2.16%,0.14%,100.98%,5.87%,2.06%,94.50%,45.4
DD,1.07,,21.93,1.79,2.77,57.47,-4.02,1.56%,1.56%,0.09%,110.29%,-7.13%,1.51%,26.10%,76.93
DXC,1.43,,9.66,,0.45,130.14,-11.21,0.00%,,1.32%,86.69%,-37.67%,1.81%,"1,239.00%",31.65
EMN,2.57,32.46,14.08,2.04,1.83,95.74,3.50,2.35%,2.43%,0.62%,87.54%,8.06%,3.83%,23.10%,115.66
ETN,3.81,40.97,25.13,2.05,3.23,57.49,3.49,2.04%,2.13%,0.20%,82.64%,9.10%,3.45%,5.10%,143.37
EBAY,11.64,17.21,15.08,0.80,4.26,233.56,7.89,1.05%,1.18%,3.71%,93.71%,79.05%,9.06%,52.00%,61.58
ECL,10.52,67.29,43.67,2.91,5.58,114.69,-4.15,0.83%,0.85%,0.48%,87.74%,13.19%,5.40%,-30.10%,226.81
EIX,1.60,29.89,12.95,5.63,1.63,151.40,1.98,4.35%,4.48%,0.06%,92.18%,4.70%,2.69%,267.80%,58.87
EW,13.01,72.19,44.84,2.54,13.74,14.79,1.35,,,0.73%,87.28%,19.88%,12.54%,8.90%,96.03
EA,5.17,35.26,23.64,3.17,7.37,16.23,4.05,0.12%,0.48%,0.49%,96.09%,15.51%,6.74%,-39.00%,143.79
EMR,6.24,26.80,25.38,2.95,3.32,91.27,3.45,2.17%,2.18%,0.71%,75.28%,24.29%,8.22%,36.50%,92.13
ENPH,46.78,175.76,93.46,,30.60,72.44,0.94,,,6.22%,73.65%,35.44%,12.18%,-37.40%,172.65
ETR,1.96,15.47,18.05,5.04,2.12,217.27,6.90,3.50%,3.56%,0.31%,88.97%,12.82%,2.12%,0.80%,107.0
EOG,1.99,61.08,11.34,0.72,4.05,33.26,-1.04,2.17%,2.41%,0.35%,90.85%,-2.88%,-0.24%,-47.00%,69.83
EFX,8.43,46.60,35.97,2.98,6.44,130.46,4.93,0.68%,0.68%,0.40%,92.96%,21.09%,6.24%,72.50%,225.53
EQIX,6.05,171.80,83.33,2.75,10.58,130.93,4.18,1.48%,1.60%,0.39%,94.68%,3.80%,2.65%,-59.20%,716.97
EQR,2.65,30.44,111.11,8.95,11.19,75.42,2.45,3.23%,3.23%,1.57%,93.81%,8.71%,2.37%,-12.70%,74.72
ESS,3.22,34.22,75.76,8.17,13.03,101.81,8.69,2.79%,2.81%,1.12%,97.94%,9.47%,2.41%,-25.70%,296.88
EL,21.00,124.52,44.25,3.15,8.12,148.17,2.53,0.47%,0.68%,0.87%,91.36%,18.67%,7.15%,56.70%,316.25
ETSY,36.74,79.77,63.69,3.12,16.96,153.22,2.69,,,0.59%,89.42%,60.79%,13.49%,374.70%,205.18
EVRG,1.67,23.34,19.23,1.50,2.94,119.97,2.72,3.23%,3.37%,0.27%,85.81%,7.30%,2.71%,-20.20%,63.53
ES,2.15,24.84,22.78,3.01,3.37,127.20,3.55,2.57%,2.73%,0.35%,80.61%,8.98%,2.93%,8.80%,87.77
RE,1.10,20.88,12.25,,1.10,21.34,12.78,2.32%,2.32%,1.26%,81.89%,5.45%,1.31%,-70.80%,266.0
EXC,1.35,22.34,15.82,34.78,1.33,116.54,2.01,3.41%,3.41%,0.25%,80.89%,5.63%,2.12%,-53.50%,44.65
EXPE,16.92,14.99,172.41,27.97,4.83,219.95,-19.00,0.19%,,12.59%,102.11%,-57.06%,-4.76%,,176.68
EXPD,7.03,27.23,24.81,4.21,1.87,16.45,4.07,0.94%,0.94%,0.60%,96.61%,28.73%,13.64%,44.60%,109.62
EXR,7.74,39.77,43.29,69.79,14.10,209.91,3.71,2.44%,2.71%,2.20%,96.77%,17.67%,4.67%,39.00%,146.59
XOM,1.50,54.78,17.99,,1.33,44.44,-5.25,6.26%,6.30%,0.12%,52.57%,-12.81%,-1.84%,,55.68
FFIV,5.38,43.67,20.62,1.23,5.38,31.59,4.81,,,0.39%,100.82%,13.70%,5.78%,-11.00%,210.74
FB,6.67,29.84,26.39,1.14,10.12,8.71,10.09,,,0.58%,80.50%,25.42%,13.95%,52.70%,303.04
FAST,10.76,34.56,33.22,3.21,5.28,23.58,1.51,1.97%,2.15%,0.31%,80.94%,31.86%,17.94%,3.90%,51.92
FRT,3.70,67.80,86.96,5.24,9.93,165.12,1.62,3.84%,3.86%,1.01%,94.21%,4.98%,2.09%,-35.70%,109.9
FDX,3.35,24.62,14.43,0.81,0.94,175.45,11.36,0.94%,0.94%,7.66%,73.07%,14.84%,3.96%,183.20%,275.76
FIS,1.93,612.04,23.92,2.05,7.64,41.67,0.25,0.91%,1.02%,0.31%,92.48%,0.33%,1.15%,,153.84
FITB,1.33,14.10,12.45,1.08,3.81,,2.72,2.82%,2.82%,0.44%,81.24%,9.33%,1.06%,"1,345.80%",38.78
FE,2.71,15.17,14.62,3.21,1.84,328.71,2.47,4.25%,4.25%,0.20%,81.18%,18.54%,3.44%,352.70%,36.69
FRC,3.06,30.83,26.18,,8.04,,6.40,0.46%,0.49%,0.82%,101.99%,10.13%,0.84%,53.10%,181.13
FISV,2.60,90.01,23.26,1.26,5.80,63.85,1.40,,,0.47%,94.16%,2.86%,1.34%,21.50%,126.55
FLT,7.24,35.88,23.31,1.18,10.58,134.50,8.12,,,5.73%,93.34%,19.93%,5.19%,-10.90%,291.14
FLIR,4.15,37.22,23.81,3.26,4.10,41.29,1.60,1.14%,1.14%,1.29%,93.80%,11.32%,6.99%,"4,367.90%",59.42
FMC,5.07,26.10,16.45,1.55,3.26,115.42,4.22,1.55%,1.66%,0.56%,90.91%,20.88%,6.78%,,117.68
F,1.59,,10.22,0.21,0.38,529.03,-0.32,1.23%,,0.24%,53.88%,-3.99%,-0.60%,,12.27
FTNT,38.46,69.33,54.35,3.67,13.04,6.20,2.91,,,18.28%,70.10%,44.44%,7.76%,24.10%,203.9
FTV,2.79,18.26,29.24,2.14,5.73,49.39,4.49,0.38%,0.38%,4.41%,95.82%,17.74%,2.36%,530.50%,73.68
FBHS,5.23,26.62,20.92,1.84,2.41,99.12,3.94,0.92%,0.99%,0.48%,90.03%,21.31%,7.82%,57.20%,104.88
FOXA,2.08,15.06,14.93,40.33,1.84,76.00,2.53,1.20%,1.20%,1.66%,105.91%,14.59%,8.17%,-25.30%,38.2
FOX,2.02,14.64,14.51,39.21,1.79,76.00,2.53,1.23%,1.23%,40.47%,58.24%,14.59%,8.17%,-25.30%,37.07
BEN,1.43,18.86,9.46,0.73,2.34,36.24,1.56,3.70%,3.81%,42.91%,48.35%,7.05%,5.19%,-1.50%,29.83
FCX,4.90,29.71,14.77,,3.30,50.12,1.22,0.14%,0.82%,0.70%,76.48%,12.96%,6.41%,,39.05
GPS,4.88,8.73,23.47,4.15,0.92,293.19,-1.78,0.71%,2.85%,47.38%,53.69%,-22.43%,-2.20%,,33.47
GRMN,4.92,27.34,28.09,3.61,6.48,1.72,5.17,1.73%,1.90%,21.42%,52.98%,19.25%,9.98%,-7.60%,141.65
IT,15.90,67.37,32.15,,4.38,270.73,2.96,,,2.92%,95.57%,26.29%,4.28%,76.70%,197.63
GNRC,14.95,60.32,37.74,7.56,8.48,65.16,5.48,,,1.61%,97.11%,27.23%,10.28%,79.60%,330.82
GD,3.38,16.95,16.78,2.62,1.42,,,2.36%,,,,,,,185.19
GE,3.35,22.97,54.05,10.84,1.49,210.49,0.58,0.30%,0.30%,0.24%,63.64%,16.94%,-0.04%,262.10%,13.57
GIS,4.20,14.87,16.23,3.90,2.04,141.57,4.12,3.26%,3.33%,0.16%,77.66%,28.30%,7.11%,31.20%,60.54
GM,1.84,13.29,10.80,1.05,0.68,223.59,4.33,0.66%,,4.97%,81.31%,13.22%,2.31%,,58.21
GPC,5.32,68.34,21.28,2.07,1.05,102.13,0.37,2.60%,2.66%,2.79%,78.37%,7.66%,4.84%,59.50%,122.21
GILD,4.53,654.80,9.21,0.46,3.35,176.26,0.10,4.15%,4.34%,0.09%,79.38%,0.44%,10.78%,-42.50%,65.76
GL,1.36,14.73,13.87,,2.25,22.16,6.83,0.67%,0.77%,2.16%,76.86%,,,7.80%,102.47
GPN,2.34,111.24,27.17,1.58,8.78,37.37,1.95,0.36%,0.36%,0.87%,92.00%,2.18%,1.71%,77.70%,218.36
GS,1.18,8.44,10.41,3.15,2.24,479.59,40.26,1.47%,1.47%,0.55%,72.13%,15.75%,1.26%,463.60%,343.52
GWW,12.13,33.04,23.09,1.78,1.93,124.99,12.82,1.40%,1.44%,13.51%,73.33%,36.36%,13.66%,63.10%,419.79
HAL,3.28,,20.12,0.64,1.31,204.87,-1.99,0.94%,0.94%,0.31%,79.35%,-29.21%,1.33%,,19.43
HBI,8.97,12.68,12.71,2.69,1.11,554.25,-0.21,2.87%,2.87%,1.26%,93.08%,-7.37%,6.57%,,20.86
HIG,1.34,14.58,14.73,,1.19,24.59,4.69,1.94%,2.05%,0.32%,94.00%,10.39%,2.14%,-8.80%,68.69
HAS,4.61,59.97,21.41,2.15,2.44,179.22,1.62,2.80%,2.80%,8.03%,85.04%,7.57%,4.62%,-60.70%,97.02
HCA,276.23,15.13,15.97,1.39,1.32,1321.59,13.38,0.24%,0.95%,21.36%,71.98%,592.35%,10.81%,144.90%,200.56
PEAK,2.70,125.89,54.05,2.14,10.97,88.20,,,3.53%,0.21%,98.02%,2.29%,0.78%,236.40%,34.17
HSIC,3.15,26.41,19.88,2.11,1.05,23.25,2.82,,,1.19%,98.12%,10.17%,4.57%,-56.80%,73.38
HSY,14.95,26.42,23.87,5.09,4.15,215.43,6.11,1.95%,1.99%,0.21%,77.27%,64.05%,13.06%,40.60%,159.03
HES,3.85,,60.61,,4.39,143.25,-10.15,1.49%,1.49%,11.06%,85.69%,-35.40%,-0.80%,,68.15
HPE,1.32,11.64,9.12,1.46,0.79,96.51,-0.33,2.92%,3.00%,0.32%,83.00%,-2.58%,2.03%,-33.00%,16.23
HLT,,646.31,47.62,0.35,8.25,,-2.58,0.12%,,1.88%,102.26%,,0.18%,,127.57
HFC,1.07,20.66,,42.24,0.49,62.52,-3.72,4.11%,4.21%,0.56%,92.22%,-8.42%,-0.94%,,34.38
HOLX,5.78,13.89,8.86,0.36,4.25,86.08,5.26,,,0.59%,97.02%,49.87%,17.07%,69.50%,74.08
HD,105.56,27.13,25.51,3.51,2.64,1316.22,11.94,1.90%,2.04%,0.07%,71.63%,"14,061.20%",21.17%,15.20%,319.99
HON,8.89,33.41,28.49,2.46,4.89,121.33,6.53,1.63%,1.66%,0.12%,78.90%,26.05%,6.77%,-9.70%,221.52
HRL,3.83,28.64,26.88,4.46,2.62,19.86,1.62,2.03%,2.11%,47.78%,45.95%,14.03%,7.81%,-8.50%,46.0
HST,1.93,87.08,,,7.53,95.60,-1.04,1.16%,,1.20%,104.18%,-10.66%,-4.55%,,17.43
HWM,3.94,66.58,35.46,0.80,2.67,145.74,,,,0.50%,89.81%,5.16%,3.58%,-65.70%,32.22
HPQ,,14.52,10.75,1.41,0.82,,2.35,2.10%,2.25%,0.14%,83.64%,,7.98%,57.50%,34.33
HUM,4.22,17.73,20.70,1.54,0.77,54.37,25.31,0.56%,0.62%,0.25%,96.92%,26.14%,9.73%,,446.14
HBAN,1.39,13.07,12.92,0.65,3.06,,1.14,4.03%,4.03%,0.97%,77.71%,10.26%,1.09%,"1,008.30%",15.2
HII,4.37,12.03,16.89,2.00,0.89,98.89,17.14,2.05%,2.21%,2.22%,85.38%,39.90%,7.29%,67.10%,206.97
IEX,6.73,45.59,38.46,2.83,7.32,45.48,4.94,0.89%,0.89%,0.19%,99.23%,15.73%,8.16%,4.40%,225.44
IDXX,75.74,83.32,74.63,7.01,17.91,158.55,6.71,,,0.96%,88.07%,143.63%,21.04%,93.10%,558.42
INFO,5.21,79.71,33.78,2.92,9.89,62.91,1.33,0.66%,0.76%,6.53%,88.07%,6.25%,3.83%,-69.20%,105.86
ITW,22.74,34.47,28.82,2.12,5.78,261.16,6.63,1.93%,2.00%,0.24%,79.72%,67.90%,11.79%,0.20%,227.7
ILMN,12.91,93.25,78.12,2.00,18.96,40.60,4.45,,,0.25%,93.88%,14.10%,5.41%,7.50%,420.76
INCY,7.21,47.64,26.25,0.92,7.00,2.36,-1.36,,,1.22%,95.16%,-11.35%,-4.32%,35.00%,85.61
IR,2.37,78.25,28.33,1.94,4.02,44.17,-0.09,4.11%,,0.35%,95.13%,-0.59%,1.94%,489.90%,51.23
INTC,3.02,13.31,13.02,2.60,3.18,44.96,4.46,2.26%,2.35%,0.05%,65.53%,23.82%,9.46%,-40.60%,58.76
ICE,3.50,32.17,24.69,1.67,8.16,86.24,3.77,0.99%,1.09%,1.30%,93.23%,11.40%,1.78%,17.40%,120.86
IBM,5.95,24.22,13.04,1.53,1.73,284.11,5.98,4.58%,4.58%,0.13%,58.17%,25.36%,3.99%,-18.70%,141.57
IP,2.84,46.54,15.31,1.86,1.09,108.74,1.22,3.61%,3.61%,0.28%,83.17%,6.19%,3.30%,-7.30%,56.92
IPG,4.04,33.39,15.90,6.43,1.29,170.43,0.89,3.43%,3.63%,0.67%,101.01%,11.75%,3.51%,-65.90%,29.72
IFF,5.70,45.03,25.25,0.79,3.23,73.60,3.21,2.10%,2.13%,0.12%,49.49%,5.76%,3.44%,-19.10%,144.5
INTU,12.81,62.87,42.92,3.05,14.33,31.81,6.55,0.54%,0.57%,2.82%,86.86%,27.74%,12.39%,-91.70%,418.29
ISRG,10.21,90.17,68.97,5.12,23.22,,9.72,,,0.96%,90.15%,12.67%,6.90%,36.00%,865.94
IVZ,1.18,23.46,10.52,3.46,2.00,15.99,1.13,2.34%,2.34%,1.50%,88.28%,5.43%,2.17%,13.10%,26.53
IPGP,4.72,76.76,44.64,,10.21,2.42,2.97,,,32.57%,64.00%,6.42%,5.11%,,233.51
IQV,7.48,110.62,29.15,1.61,3.77,202.45,2.10,,,0.73%,92.14%,7.21%,2.51%,158.50%,233.42
IRM,10.24,33.88,28.74,,2.81,920.93,1.19,6.14%,6.14%,0.99%,82.21%,25.15%,3.57%,556.30%,40.08
JKHY,8.35,43.60,38.17,2.84,7.59,4.34,3.89,1.01%,1.08%,0.86%,91.72%,19.68%,10.62%,-0.20%,168.19
J,2.92,41.56,23.36,1.79,1.33,44.47,,,0.62%,0.92%,91.57%,7.66%,4.78%,0.00%,136.44
JBHT,6.57,32.98,26.11,1.74,1.81,47.81,5.13,0.64%,0.66%,20.47%,75.11%,21.89%,8.30%,39.80%,167.76
SJM,1.71,15.43,15.62,16.80,1.80,60.90,8.41,2.76%,2.77%,4.47%,88.87%,11.67%,5.56%,39.50%,129.77
JNJ,6.89,29.24,17.51,1.85,5.25,57.47,5.66,2.44%,2.56%,0.08%,69.82%,,,6.90%,164.12
JCI,2.56,58.24,24.27,1.75,2.11,49.04,1.24,1.65%,1.72%,0.27%,92.55%,4.97%,3.21%,183.60%,62.81
JPM,1.82,11.92,12.90,2.48,3.75,,12.61,2.40%,2.40%,0.88%,73.25%,14.97%,1.19%,399.10%,150.56
JNPR,1.82,32.86,15.38,1.28,1.91,51.50,0.77,3.16%,3.16%,1.28%,98.45%,5.63%,3.06%,-81.70%,25.56
KSU,6.47,45.42,33.56,3.07,10.77,83.64,6.64,0.59%,0.72%,0.50%,88.54%,13.29%,6.36%,0.80%,300.9
K,6.92,17.43,15.70,2.31,1.59,223.96,3.63,3.60%,3.65%,0.75%,89.66%,36.37%,6.52%,41.40%,62.44
KEY,1.28,11.87,11.05,1.32,2.96,,1.77,3.56%,3.56%,0.47%,88.01%,10.28%,1.08%,326.00%,21.27
KEYS,7.78,43.88,25.84,,6.46,57.01,3.37,,,0.49%,92.27%,19.09%,7.09%,5.50%,148.74
KMB,71.33,19.23,16.64,4.81,2.36,1186.33,6.67,3.29%,3.45%,0.13%,75.77%,584.60%,12.96%,-11.50%,130.52
KIM,1.57,9.33,52.36,4.74,8.31,95.89,2.25,2.65%,3.49%,2.88%,92.75%,18.86%,1.89%,83.90%,20.58
KMI,1.18,20.72,19.08,2.20,2.75,99.84,0.80,6.31%,6.44%,12.50%,62.38%,5.61%,3.77%,,16.91
KLAC,17.43,37.91,22.47,2.11,8.55,120.91,8.74,1.05%,1.08%,0.27%,96.88%,48.44%,12.99%,20.20%,335.81
KHC,0.99,139.34,15.85,3.57,1.90,58.02,0.29,3.96%,3.96%,1.66%,80.22%,0.71%,3.66%,467.00%,40.13
KR,2.93,11.42,13.33,4.99,0.22,215.57,3.27,1.87%,1.93%,0.72%,90.63%,28.56%,4.23%,,36.54
LB,,22.46,14.31,1.48,1.60,,3.00,0.45%,,19.05%,80.20%,,10.80%,,66.45
LHX,2.09,40.66,16.42,1.17,2.50,37.27,7.35,1.42%,1.93%,0.57%,82.64%,4.99%,4.24%,-72.60%,207.65
LH,2.75,16.62,12.38,2.07,1.85,72.03,15.88,,,0.59%,93.57%,18.35%,10.13%,313.20%,264.65
LRCX,16.65,26.53,19.61,0.92,6.92,108.29,23.65,0.80%,0.83%,0.22%,87.15%,69.84%,17.37%,86.40%,643.17
LW,26.43,47.73,22.42,1.78,3.42,613.90,1.71,1.14%,1.16%,0.86%,89.04%,69.44%,7.74%,-40.70%,81.61
LVS,15.35,104.34,65.36,,15.09,454.71,-2.58,0.00%,,46.20%,39.82%,-54.00%,-5.12%,,59.3
LEG,4.84,27.75,,,1.60,148.51,1.82,3.17%,3.17%,1.08%,75.36%,18.33%,5.32%,18.90%,50.65
LDOS,3.68,23.09,15.92,,1.18,143.06,4.36,1.35%,1.35%,0.80%,78.90%,17.26%,5.91%,8.80%,99.86
LEN,1.69,10.42,9.81,0.66,1.35,37.41,9.78,0.74%,0.98%,2.14%,96.45%,17.57%,7.43%,151.30%,103.81
LLY,32.08,27.79,22.88,1.71,7.02,301.27,6.79,1.57%,1.80%,0.15%,83.80%,145.32%,10.99%,41.50%,187.22
LNC,0.54,24.85,7.25,,0.71,35.70,2.56,2.55%,2.64%,5.94%,80.67%,2.35%,0.14%,-66.90%,63.9
LIN,3.22,62.04,31.55,2.97,5.69,34.74,4.71,1.32%,1.45%,0.19%,80.93%,5.18%,2.94%,50.70%,289.52
LYV,31.01,,,,9.33,4658.60,-8.12,,,26.69%,77.03%,-178.13%,-9.58%,,82.62
LKQ,2.41,21.42,16.23,1.74,1.18,76.35,2.09,,,0.87%,98.03%,11.90%,5.24%,28.90%,45.04
LMT,16.61,15.10,14.20,4.03,1.60,192.06,24.78,2.65%,2.76%,0.09%,78.18%,142.73%,11.24%,7.00%,371.98
L,0.82,,,,1.13,55.31,-3.32,0.45%,0.46%,15.64%,64.50%,-6.28%,-0.13%,82.90%,55.23
LOW,100.28,25.93,21.01,1.89,1.68,1824.01,7.75,1.14%,1.19%,0.06%,78.78%,342.33%,15.79%,91.80%,199.19
LUMN,1.28,10.49,8.32,54.58,0.68,301.21,,,7.69%,0.68%,77.07%,-10.00%,3.77%,,13.06
LYB,4.38,24.57,9.12,,1.26,220.04,4.24,4.02%,4.02%,21.57%,77.13%,17.47%,4.14%,39.80%,104.94
MTB,1.30,13.50,12.76,2.09,3.31,,11.35,2.87%,2.87%,0.46%,84.72%,9.49%,1.11%,66.40%,155.65
MRO,0.80,17.28,18.38,,2.73,52.62,-1.83,0.56%,1.16%,0.25%,71.81%,-12.78%,-2.84%,,10.78
MPC,1.56,8.08,196.08,15.65,0.49,109.51,-15.14,4.38%,4.46%,0.31%,77.46%,-30.50%,-1.77%,-35.70%,53.27
MKTX,19.51,63.43,60.98,,27.06,9.39,8.00,0.48%,0.52%,2.77%,94.74%,34.15%,19.32%,7.50%,505.21
MAR,112.33,219.45,58.48,0.47,4.57,2638.60,-0.82,0.32%,,19.31%,61.20%,-47.13%,1.17%,,148.48
MMC,7.14,32.40,23.87,2.59,3.80,146.64,3.94,1.44%,1.46%,0.10%,88.67%,23.79%,7.11%,-4.30%,127.2
MLM,3.71,30.40,31.25,2.21,4.63,52.76,11.54,0.64%,0.65%,0.62%,98.92%,12.82%,5.70%,39.70%,357.47
MAS,84.31,21.30,19.30,2.19,2.38,708.55,4.60,0.85%,1.45%,0.60%,96.49%,472.33%,14.58%,-57.00%,63.4
MA,60.16,60.76,47.62,1.78,25.45,207.50,6.37,0.42%,0.45%,11.46%,77.53%,102.51%,16.24%,-15.00%,387.47
MKC,5.89,32.21,30.86,4.79,4.20,134.96,2.84,1.39%,1.49%,0.33%,83.33%,19.76%,5.91%,11.80%,90.35
MXIM,13.39,35.89,31.06,2.74,11.04,54.51,2.68,1.00%,,0.59%,85.97%,39.53%,13.15%,25.90%,97.67
MCD,,37.18,27.55,2.49,9.16,,6.31,2.15%,2.20%,0.05%,68.40%,,8.89%,-12.40%,232.31
MCK,5.04,14.38,10.29,,0.14,957.04,-25.42,0.85%,0.86%,0.04%,88.89%,-90.49%,3.22%,,191.62
MDT,3.48,61.60,23.26,2.99,6.35,59.54,2.26,1.74%,1.77%,0.07%,83.14%,5.97%,2.51%,-33.70%,130.12
MRK,7.79,28.01,11.75,1.10,4.12,131.68,2.78,3.13%,3.34%,0.09%,75.74%,27.55%,11.16%,,77.53
MET,0.74,11.05,10.11,2.59,0.85,145.39,5.68,2.90%,2.93%,15.39%,77.48%,7.67%,0.64%,-73.40%,62.79
MTD,110.15,53.60,45.05,3.45,10.47,508.02,24.91,,,1.59%,98.80%,171.37%,17.76%,12.20%,1312.9
MGM,3.16,13.41,,,3.97,187.90,-2.02,0.38%,0.02%,14.57%,67.11%,-10.99%,-3.50%,,41.47
MCHP,7.95,124.11,20.41,1.48,7.81,173.33,1.26,0.94%,1.00%,1.98%,92.79%,6.11%,3.20%,-88.40%,159.16
MU,2.37,30.62,16.50,0.76,4.15,17.72,2.81,,,0.17%,85.86%,8.23%,4.37%,48.90%,87.84
MSFT,15.12,38.92,32.36,2.41,13.03,63.56,6.71,0.82%,0.86%,0.07%,72.21%,42.70%,12.81%,32.70%,261.55
MAA,3.02,70.86,,,10.97,75.46,2.19,2.58%,2.64%,0.68%,93.53%,4.27%,2.38%,-44.30%,155.23
MHK,1.66,28.16,18.83,,1.52,35.91,49.90,,,19.00%,78.84%,6.19%,3.45%,-6.20%,206.71
TAP,0.92,18.78,13.32,2.74,1.17,68.17,-4.38,1.09%,,11.30%,92.91%,-7.19%,3.03%,,52.94
MDLZ,3.03,24.09,20.88,3.58,3.23,76.11,2.47,2.02%,2.12%,0.12%,79.00%,12.99%,4.06%,57.70%,58.77
MPWR,17.97,108.80,64.10,2.91,21.20,0.32,3.50,0.53%,0.63%,2.46%,96.77%,18.89%,9.62%,32.20%,389.53
MNST,10.10,37.38,36.63,3.80,11.48,0.41,2.64,,,29.07%,65.94%,30.21%,17.98%,85.00%,97.14
MCO,39.09,34.90,30.77,3.10,11.55,393.87,9.39,0.68%,0.76%,0.36%,93.53%,136.69%,13.46%,-12.80%,325.28
MS,1.64,10.59,12.85,49.29,2.66,331.10,7.64,1.73%,1.73%,20.52%,65.82%,,,142.60%,81.52
MOS,1.35,19.40,12.80,0.44,1.49,48.71,1.75,0.59%,0.59%,9.64%,77.89%,6.96%,1.67%,,34.78
MSI,,34.86,22.08,1.96,4.46,,5.45,1.38%,1.49%,0.56%,87.58%,,8.85%,69.50%,190.2
MSCI,,68.33,51.28,4.18,24.25,,7.12,0.60%,0.64%,3.00%,94.62%,,13.14%,27.20%,487.0
NDAQ,4.23,26.42,25.38,5.34,4.58,99.40,6.15,1.21%,1.33%,18.57%,78.64%,17.52%,5.52%,46.80%,160.03
NTAP,35.83,29.14,16.98,1.77,3.09,576.99,2.64,2.50%,2.50%,0.33%,105.51%,155.79%,7.09%,-34.30%,77.15
NFLX,17.40,61.20,49.02,1.55,8.72,137.68,8.26,,,1.55%,82.21%,35.31%,9.29%,140.70%,510.3
NWL,2.91,,16.08,,1.20,161.79,-1.82,3.47%,3.45%,0.84%,86.88%,-17.31%,3.54%,-84.00%,26.72
NEM,2.29,19.85,21.28,0.79,4.61,28.52,3.51,2.21%,3.35%,0.13%,82.74%,11.35%,5.07%,45.80%,65.28
NWSA,1.94,,52.08,1.69,1.81,28.42,-1.46,0.75%,0.74%,0.59%,98.15%,-11.76%,2.22%,171.80%,26.66
NWS,1.81,,48.54,1.57,1.68,28.42,-1.46,0.80%,0.80%,39.44%,33.40%,-11.76%,2.22%,171.80%,24.82
NEE,4.11,37.17,31.06,3.40,9.01,115.17,2.11,1.83%,1.97%,0.13%,80.00%,8.20%,2.03%,295.70%,77.93
NLSN,4.47,,16.75,,1.45,391.39,-0.02,0.94%,0.94%,0.56%,107.71%,0.30%,3.47%,,25.44
NKE,17.24,61.12,32.89,1.56,5.41,107.70,2.14,0.80%,0.84%,0.29%,84.00%,32.69%,8.79%,71.10%,131.6
NI,2.07,49.48,19.23,4.22,2.11,170.56,-0.19,3.30%,3.40%,0.39%,94.26%,-0.24%,2.82%,,25.67
NSC,5.17,35.97,25.13,2.18,7.39,92.27,7.84,1.33%,1.40%,0.10%,72.50%,13.43%,5.73%,0.80%,281.14
NTRS,2.16,19.52,16.61,1.42,4.29,,5.61,2.56%,2.56%,0.38%,84.12%,10.96%,0.75%,4.00%,109.16
NOC,5.20,17.97,14.53,7.13,1.56,157.00,19.03,1.66%,1.70%,0.21%,86.34%,32.88%,6.18%,,337.8
NLOK,1.19k,21.39,13.51,0.70,5.47,,,,2.25%,0.95%,96.54%,15.56%,4.90%,-93.70%,22.61
NCLH,2.52,3.81,60.61,,5.93,275.98,-15.75,,,0.42%,48.80%,-73.83%,-6.60%,,30.22
NOV,1.00,,24.51,,0.84,48.42,-6.62,0.38%,,0.52%,90.96%,-38.66%,-2.89%,,13.48
NRG,5.43,18.00,11.06,0.56,1.01,538.04,2.07,3.30%,3.50%,0.92%,96.35%,30.38%,5.44%,,37.26
NUE,2.03,14.44,8.10,,1.10,45.02,5.39,2.08%,2.08%,0.53%,81.35%,15.76%,7.87%,"4,535.40%",80.6
NVDA,22.41,88.49,44.25,3.79,23.00,45.69,6.90,0.10%,0.10%,4.20%,68.66%,29.78%,12.80%,53.20%,619.12
NVR,5.81,19.58,14.51,4.84,2.38,52.08,248.33,,,5.28%,86.11%,35.67%,16.75%,41.60%,4929.53
NXPI,6.21,1.12k,21.79,1.41,6.64,86.00,0.18,0.74%,1.15%,0.48%,97.77%,0.85%,1.35%,171.10%,205.02
ORLY,265.47,22.64,22.57,2.10,3.42,4395.25,23.53,,,1.30%,85.36%,651.90%,13.57%,20.90%,526.19
OXY,2.61,,,,1.27,210.29,-17.06,3.33%,0.16%,0.23%,67.72%,-51.26%,-5.56%,,24.9
ODFL,9.36,41.11,35.97,2.70,7.31,3.13,6.27,0.25%,0.32%,12.05%,73.61%,23.80%,14.98%,49.70%,253.49
OMC,5.44,18.01,13.91,1.31,1.33,174.88,4.51,3.26%,3.45%,1.14%,96.50%,30.02%,4.51%,11.50%,80.74
OKE,3.73,35.63,17.01,1.95,2.56,241.05,1.42,7.39%,7.39%,0.60%,67.20%,9.99%,5.43%,-3.80%,50.46
ORCL,24.29,17.98,15.62,1.65,5.81,719.09,4.18,1.28%,1.71%,39.73%,48.64%,104.66%,8.97%,95.30%,74.5
OTIS,,34.27,25.91,11.94,2.43,,,,1.35%,0.04%,88.33%,,11.43%,15.10%,76.27
PCAR,3.12,24.96,16.61,1.30,1.73,105.97,3.74,1.37%,1.37%,1.74%,68.42%,12.92%,3.57%,-23.60%,93.34
PKG,4.16,29.41,20.83,,2.02,84.34,4.84,2.37%,2.81%,1.49%,94.83%,14.60%,7.23%,-9.30%,143.15
PH,5.78,28.89,19.68,1.78,3.06,101.28,11.02,1.11%,1.30%,0.38%,84.07%,21.27%,6.33%,118.80%,319.13
PAYX,12.01,33.98,31.65,5.21,9.10,30.13,2.92,2.50%,2.50%,10.75%,73.10%,36.79%,9.19%,-1.10%,98.85
PAYC,36.68,162.43,96.15,3.46,27.68,8.97,2.46,,,15.98%,75.04%,24.27%,4.57%,-46.30%,400.96
PYPL,15.60,75.15,58.48,2.69,14.72,48.47,3.54,,,0.13%,84.83%,22.72%,3.52%,209.10%,271.72
PENN,5.33,77.43,36.50,,3.36,420.12,-5.00,,,4.32%,90.01%,-29.69%,0.98%,,90.28
PNR,4.87,25.93,23.42,2.16,3.39,46.32,2.48,1.20%,1.24%,0.37%,94.12%,20.34%,7.52%,76.90%,64.09
PBCT,1.04,34.42,14.33,,3.86,,0.52,4.02%,4.02%,0.65%,74.79%,3.05%,0.37%,10.80%,18.18
PEP,14.45,27.01,23.92,3.32,2.84,310.72,5.40,2.80%,2.80%,0.14%,73.32%,54.66%,7.76%,28.10%,143.36
PKI,4.05,20.76,15.72,1.75,4.00,59.41,6.50,0.21%,0.21%,0.30%,97.16%,22.23%,8.50%,489.70%,134.98
PRGO,1.00,24.33,16.37,,1.14,66.48,-1.20,2.15%,2.25%,1.05%,84.31%,-2.84%,2.61%,,42.47
PFE,3.41,31.18,12.20,1.99,5.20,65.02,1.71,3.93%,4.04%,0.04%,67.56%,11.06%,3.93%,,38.68
PM,,17.08,15.90,1.75,5.06,,5.54,5.04%,5.07%,0.21%,75.31%,,20.08%,32.40%,94.39
PSX,1.76,119.52,44.64,9.98,0.52,79.52,-9.06,4.71%,4.71%,0.35%,69.67%,-15.25%,-1.67%,,76.5
PNW,1.68,17.21,16.69,4.64,2.64,120.28,4.87,3.79%,3.96%,0.23%,88.94%,10.08%,2.74%,,83.33
PXD,2.74,117.38,15.77,7.88,3.44,35.15,-1.21,1.50%,1.53%,0.69%,73.27%,-1.69%,0.45%,,148.98
PNC,1.41,20.92,15.82,0.91,4.57,,19.14,2.58%,2.58%,0.28%,84.75%,7.89%,0.88%,100.00%,180.24
POOL,25.61,39.43,,,3.97,97.89,10.64,0.55%,0.55%,3.20%,97.02%,86.35%,17.92%,219.10%,413.25
PPG,7.09,34.93,23.31,6.45,2.90,118.50,5.01,1.22%,1.24%,0.27%,82.87%,22.36%,6.17%,55.60%,173.13
PPL,1.68,15.27,11.90,4.51,2.95,186.73,1.91,5.69%,5.69%,0.10%,69.49%,11.14%,4.12%,-20.30%,29.18
PFG,1.04,12.42,10.63,,1.18,27.89,5.05,3.57%,3.57%,0.43%,73.43%,8.98%,0.37%,57.10%,62.34
PG,7.17,24.62,22.27,3.56,4.67,63.57,5.44,2.36%,2.60%,0.10%,66.14%,30.65%,9.64%,12.10%,131.26
PGR,3.31,9.16,17.12,24.48,1.32,30.26,11.00,4.86%,0.40%,0.30%,83.94%,40.02%,8.62%,111.70%,99.86
PLD,2.66,57.15,69.44,11.07,19.52,45.36,1.82,2.06%,2.19%,0.50%,96.54%,4.09%,1.97%,-25.20%,115.22
PRU,0.58,8.85,8.61,2.61,0.68,52.56,-1.00,4.47%,4.76%,0.21%,56.92%,-0.22%,-0.02%,-27.40%,98.53
PTC,11.51,145.88,50.00,2.83,11.23,79.89,1.01,,,10.03%,88.95%,8.66%,5.47%,-33.70%,148.84
PEG,1.99,16.74,17.99,4.96,3.32,109.67,3.76,3.11%,3.24%,0.17%,71.86%,12.26%,3.06%,-1.40%,62.16
PSA,10.15,44.00,35.21,6.37,16.58,28.67,6.29,2.89%,2.89%,13.32%,80.03%,15.16%,8.07%,-9.00%,275.12
PHM,2.17,10.41,8.68,2.89,1.32,50.85,5.18,0.89%,1.04%,3.48%,90.32%,23.39%,9.68%,30.50%,54.79
PVH,1.65,,16.47,4.70,1.09,114.76,-15.96,0.03%,,0.61%,100.21%,-21.59%,-0.17%,,108.49
QRVO,4.88,46.50,19.30,1.42,6.07,38.83,4.16,,,0.40%,87.02%,10.98%,7.18%,24.60%,198.97
PWR,3.14,31.80,22.62,,1.27,33.41,3.07,0.22%,0.25%,1.11%,94.44%,10.76%,4.55%,43.90%,97.72
QCOM,20.85,23.19,18.80,0.79,5.83,213.16,5.85,1.90%,2.01%,0.13%,77.27%,113.14%,13.68%,165.40%,138.96
DGX,2.55,9.94,11.30,1.23,1.73,67.86,13.18,1.75%,1.89%,0.56%,92.96%,29.77%,12.45%,373.70%,132.27
RL,3.41,37.98,18.25,5.11,2.11,137.72,-4.03,0.55%,,1.59%,96.38%,-10.19%,0.88%,-64.10%,125.83
RJF,2.42,21.00,16.69,1.29,2.24,52.24,6.16,1.16%,1.20%,10.81%,72.66%,12.02%,1.84%,16.40%,129.92
RTX,1.69,108.39,21.79,2.06,1.93,45.78,,,2.41%,0.12%,79.30%,-4.95%,1.03%,-88.20%,81.0
O,2.36,60.88,48.54,8.37,14.51,81.79,1.14,4.04%,4.06%,0.16%,71.04%,3.81%,2.55%,-8.80%,69.32
REG,1.76,238.92,65.36,3.65,10.36,68.55,0.26,3.83%,3.83%,0.89%,102.71%,0.77%,1.70%,-4.50%,62.37
REGN,4.75,16.01,11.24,1.07,6.62,24.56,30.52,,,3.00%,91.00%,31.77%,12.88%,45.10%,501.17
RF,1.20,20.03,10.85,0.94,3.18,,1.52,3.01%,3.01%,0.47%,76.93%,8.94%,1.10%,296.30%,21.11
RSG,4.00,35.23,28.49,3.60,3.35,109.29,3.02,1.56%,1.60%,0.17%,93.05%,11.68%,4.96%,-18.60%,104.63
RMD,10.63,43.70,40.16,4.97,9.89,33.71,4.79,0.75%,0.75%,0.81%,72.65%,27.28%,12.55%,11.80%,210.89
RHI,8.20,30.10,23.64,3.99,1.97,25.11,2.89,1.61%,1.75%,2.85%,96.93%,,,23.00%,87.7
ROK,20.06,24.09,30.21,3.36,5.06,133.04,11.18,1.53%,1.59%,0.14%,79.66%,89.21%,8.61%,91.00%,267.42
ROL,18.72,67.55,74.63,,8.14,44.31,0.53,0.67%,0.89%,57.36%,41.10%,29.69%,12.82%,23.40%,35.91
ROP,4.35,48.35,29.67,2.27,8.30,94.00,8.98,0.48%,0.52%,1.61%,95.41%,9.51%,4.25%,-70.60%,432.37
ROST,13.96,536.75,29.59,0.30,3.65,174.21,0.24,0.22%,0.88%,1.91%,87.97%,2.57%,1.08%,-47.80%,127.19
RCL,2.49,57.31,,,8.33,229.89,-27.05,0.91%,,14.46%,62.08%,-53.74%,-6.04%,,86.94
SPGI,183.69,40.18,31.15,3.89,12.63,141.83,9.66,0.69%,0.79%,0.18%,88.05%,82.33%,20.24%,-16.10%,383.93
CRM,5.18,53.31,68.49,4.70,10.22,15.46,4.38,,,3.61%,81.67%,10.80%,0.47%,,235.46
SBAC,,1.41k,108.70,,16.15,,0.21,0.67%,0.78%,1.12%,97.86%,,4.44%,57.10%,296.78
SLB,2.98,,27.32,0.66,1.51,127.84,-2.04,1.94%,1.98%,0.12%,77.51%,-19.38%,2.24%,,26.37
STX,42.65,22.40,15.46,7.47,2.21,1062.40,3.96,2.96%,3.01%,0.55%,88.93%,87.70%,9.47%,2.80%,93.27
SEE,42.98,15.61,14.66,3.14,1.54,2225.16,3.22,1.32%,1.32%,0.60%,94.55%,,8.44%,36.30%,48.28
SRE,2.05,20.83,16.92,2.29,3.52,100.61,12.88,3.05%,3.21%,0.06%,83.52%,9.65%,2.58%,-4.40%,136.49
NOW,38.50,936.78,102.04,3.28,24.76,75.33,0.59,,,0.53%,90.74%,4.78%,1.69%,-97.20%,559.21
SHW,20.30,37.22,30.58,,4.11,280.09,7.36,0.65%,0.80%,8.57%,78.65%,52.50%,8.73%,63.70%,269.54
SPG,12.80,32.57,28.17,3.18,7.83,744.59,3.59,5.13%,4.45%,0.48%,91.59%,37.63%,3.73%,-46.70%,120.17
SWKS,7.14,30.07,20.96,1.32,8.12,4.21,6.33,0.98%,1.05%,0.32%,78.77%,24.58%,14.53%,98.10%,199.66
SNA,3.33,19.17,19.46,2.52,3.18,38.77,12.45,1.94%,2.06%,1.66%,96.22%,19.36%,10.00%,40.40%,235.99
SO,2.47,22.30,19.68,4.01,3.41,156.93,2.93,3.89%,4.04%,0.18%,59.94%,9.56%,2.71%,-12.20%,64.66
LUV,4.00,108.41,204.08,46.69,5.27,140.60,-4.91,0.00%,,0.31%,78.09%,-31.53%,-12.42%,,61.97
SWK,3.52,26.91,20.62,2.24,2.24,44.03,7.77,1.33%,1.34%,0.26%,89.99%,12.22%,5.55%,134.70%,206.48
SBUX,,206.25,40.82,1.62,5.99,,0.57,1.46%,1.53%,0.18%,71.05%,,2.93%,-29.80%,115.92
STT,1.23,13.36,11.68,1.48,2.75,,6.07,2.56%,2.56%,0.47%,97.44%,9.43%,0.68%,-18.10%,81.3
STE,4.74,42.71,30.30,2.58,6.03,48.08,5.03,0.72%,0.74%,0.36%,92.35%,11.88%,6.29%,9.10%,216.47
SYK,7.68,63.57,29.33,2.17,7.08,110.25,4.20,0.88%,0.94%,7.32%,75.45%,12.35%,5.70%,-21.70%,265.28
SIVB,3.45,18.59,26.45,,6.54,,30.38,,,0.38%,89.60%,19.91%,1.59%,295.80%,572.93
SYF,1.98,17.92,8.40,0.67,1.55,,2.27,2.16%,2.21%,0.37%,99.46%,9.97%,1.38%,1.00%,41.47
SNPS,7.85,54.31,40.16,2.62,10.29,13.42,4.62,,,0.63%,90.57%,15.96%,5.82%,56.00%,256.88
SYY,29.56,130.45,26.67,1.78,0.92,991.92,-0.66,2.18%,2.18%,0.15%,82.34%,-16.77%,2.43%,-82.40%,82.28
TMUS,2.54,56.25,40.49,1.13,2.25,164.13,2.65,,,52.49%,41.68%,5.83%,4.10%,-0.10%,132.5
TROW,5.27,17.89,14.75,1.75,6.65,1.66,9.98,2.02%,2.42%,0.97%,72.15%,28.85%,17.17%,43.70%,178.82
TTWO,6.43,41.26,29.33,2.33,6.17,5.94,4.27,,,1.72%,95.37%,17.73%,6.02%,11.40%,176.43
TPR,4.46,7.06,16.18,0.96,2.77,131.92,-1.55,0.73%,,0.25%,90.44%,-13.78%,4.14%,4.10%,45.98
TGT,7.11,23.84,23.98,3.22,1.11,104.63,8.64,1.30%,1.32%,0.21%,81.46%,33.25%,8.78%,65.50%,203.63
TEL,4.60,42.90,22.47,1.62,3.42,46.85,3.24,1.43%,1.48%,0.20%,93.60%,11.08%,6.13%,,135.17
TDY,5.09,41.76,,,5.45,28.48,10.62,,,1.59%,90.45%,13.52%,6.64%,14.20%,440.42
TFX,6.22,62.49,34.48,3.63,8.27,78.56,7.09,0.31%,0.31%,0.37%,93.03%,10.63%,3.99%,-29.70%,440.01
TER,9.91,30.73,28.99,,7.71,21.42,4.28,0.30%,0.30%,0.32%,98.59%,42.53%,17.51%,57.00%,133.43
TSLA,31.50,1.14k,172.41,4.55,25.05,56.32,0.64,,,19.73%,46.01%,5.42%,2.82%,157.10%,738.2
TXN,18.97,31.63,28.82,2.87,12.18,77.49,5.97,1.97%,2.16%,0.24%,85.56%,61.84%,19.82%,57.80%,191.36
TXT,2.35,44.76,21.83,0.65,1.19,80.79,1.35,0.13%,0.13%,0.46%,85.62%,5.44%,2.58%,18.60%,60.9
TMO,5.56,30.58,22.37,6.23,6.04,65.47,15.96,0.18%,0.21%,0.22%,91.53%,19.87%,7.72%,149.30%,494.04
TJX,14.55,1.01k,29.24,0.23,2.66,265.80,0.07,0.37%,1.48%,0.12%,92.53%,1.54%,0.16%,-66.90%,69.28
TSCO,11.88,26.23,28.17,3.24,1.94,201.04,7.22,0.88%,1.10%,0.65%,91.25%,52.81%,12.22%,116.50%,190.95
TT,6.54,43.61,32.05,2.75,3.42,88.49,,,1.35%,0.42%,83.30%,14.43%,5.16%,-17.40%,172.83
TDG,,86.40,50.51,4.97,7.10,,6.57,,,1.02%,100.00%,,5.50%,-83.60%,603.95
TRV,1.40,14.27,14.93,1.33,1.24,23.17,11.06,2.15%,2.23%,0.29%,92.08%,10.59%,2.07%,22.20%,155.73
TRMB,5.77,53.25,34.84,3.48,6.62,46.97,1.55,,,0.46%,99.06%,11.63%,4.33%,-35.40%,84.12
TFC,1.28,17.30,12.80,1.10,3.47,,,,3.12%,0.28%,73.88%,7.32%,0.96%,39.30%,57.72
TWTR,6.72,21.91,69.44,,14.21,56.26,-1.44,,,2.51%,77.66%,-13.62%,0.85%,87.00%,66.72
TYL,9.26,96.27,78.74,3.87,16.79,1.12,4.69,,,1.30%,96.20%,10.81%,4.50%,15.60%,454.88
TSN,1.84,13.66,13.77,1.54,0.67,71.97,5.54,2.13%,2.26%,2.59%,81.71%,13.40%,6.74%,-7.50%,77.95
UDR,4.35,233.90,,,11.12,125.70,0.20,3.08%,3.10%,0.86%,100.54%,1.62%,0.98%,-72.80%,46.81
ULTA,9.10,105.61,35.34,1.11,3.02,94.86,3.11,,,4.46%,93.05%,9.01%,5.07%,-23.00%,328.29
USB,1.87,15.10,13.89,1.69,3.76,,3.79,2.94%,2.94%,0.08%,76.15%,11.66%,1.11%,94.70%,57.79
UAA,6.25,45.95,140.85,,2.34,119.66,-1.21,,,0.36%,91.03%,-28.71%,-0.09%,,23.52
UA,5.23,41.15,117.65,,1.95,119.66,-1.21,,,16.49%,75.29%,-28.71%,-0.09%,,19.52
UNP,9.14,28.92,23.26,2.28,7.81,173.17,7.73,1.74%,1.74%,0.22%,81.20%,32.35%,7.79%,-9.00%,224.59
UAL,3.30,9.50,,,1.49,676.66,-22.68,,,0.25%,63.66%,-91.93%,-12.19%,,53.78
UNH,5.46,22.76,22.08,1.73,1.47,65.54,17.59,1.25%,1.25%,0.61%,89.48%,26.15%,7.66%,43.80%,395.86
UPS,236.82,116.21,19.72,2.20,1.84,4150.67,1.54,2.26%,2.28%,0.01%,68.77%,67.97%,1.47%,,175.81
URI,5.08,26.14,17.61,1.47,2.73,229.02,12.20,,,0.44%,96.85%,21.25%,6.43%,-12.10%,324.97
UHS,1.96,13.24,13.53,,1.08,65.47,10.99,0.14%,0.55%,14.44%,95.57%,15.89%,6.76%,25.90%,145.78
UNM,0.54,7.40,6.07,,0.45,31.75,3.89,3.96%,3.96%,0.65%,88.05%,7.61%,1.05%,-54.30%,28.55
VLO,1.61,17.05,102.04,,0.45,80.68,-0.69,5.59%,5.59%,0.40%,79.54%,,,,70.52
VTR,2.02,46.81,1.43k,65.96,5.43,115.14,1.17,3.91%,3.29%,0.37%,94.96%,4.14%,1.53%,865.20%,55.61
VRSN,,38.17,39.53,9.26,18.96,,5.52,,,1.29%,94.36%,,29.28%,-55.00%,216.66
VRSK,11.37,43.82,35.59,,11.21,130.61,4.31,0.57%,0.61%,1.04%,92.37%,28.74%,8.73%,33.30%,186.47
VZ,3.33,12.54,11.39,3.35,1.83,247.38,4.56,4.36%,4.38%,0.02%,68.14%,28.94%,6.36%,26.20%,56.94
VRTX,6.49,21.18,19.05,0.39,9.25,10.85,10.29,,,0.14%,95.03%,36.71%,17.87%,3.60%,216.97
VFC,11.03,111.90,29.24,3.00,3.96,232.59,-0.43,2.18%,2.27%,7.25%,82.79%,-4.93%,3.22%,-25.30%,87.8
VIAC,1.70,11.18,9.98,0.89,1.02,133.03,,,2.30%,3.70%,88.50%,17.34%,5.51%,,41.82
VTRS,0.70,28.56,3.83,,0.67,113.74,,,,0.47%,79.19%,-3.85%,1.47%,,13.55
V,14.46,47.42,41.84,1.94,23.70,55.88,4.84,0.54%,0.56%,0.12%,96.00%,29.39%,11.24%,-4.50%,230.34
VNO,1.60,137.14,32.26,,5.61,104.79,-1.83,5.31%,4.73%,8.54%,81.90%,-5.86%,0.99%,,45.52
VMC,3.89,40.04,34.97,1.72,4.84,61.89,4.38,0.77%,0.84%,0.19%,90.46%,10.10%,5.05%,-18.80%,179.48
WRB,2.25,20.04,22.94,1.13,1.81,46.30,4.07,0.59%,0.59%,24.04%,71.60%,,,,80.44
WAB,1.60,39.36,19.42,,2.15,44.67,2.17,0.56%,0.56%,4.41%,91.74%,4.09%,2.91%,-35.20%,84.47
WMT,4.87,29.45,26.18,4.46,0.71,72.78,4.75,1.54%,1.57%,49.70%,30.92%,16.21%,6.89%,,137.91
WBA,2.17,78.40,11.52,15.17,0.32,190.30,-0.71,3.51%,3.53%,17.26%,57.49%,-2.93%,1.78%,8.50%,52.73
DIS,3.95,51.22,147.06,4.53,5.45,59.43,-2.74,0.48%,,0.12%,67.06%,-4.54%,0.36%,-99.20%,184.27
WM,7.67,38.49,28.41,3.00,3.79,192.19,3.52,1.61%,1.70%,0.15%,80.80%,20.60%,5.75%,-2.00%,133.93
WAT,81.94,36.66,32.15,3.08,8.09,645.06,8.36,,,0.63%,91.80%,"6,575.94%",15.74%,8.80%,304.35
WEC,2.92,25.54,24.10,3.63,4.23,134.43,3.79,2.61%,2.80%,0.16%,73.80%,11.48%,3.06%,-2.00%,95.8
WFC,1.09,30.25,14.22,0.25,2.49,,1.46,1.85%,0.91%,0.09%,71.01%,4.24%,0.40%,626.20%,44.14
WELL,1.97,30.30,101.01,3.86,6.87,83.22,2.33,3.23%,3.23%,0.17%,92.97%,6.07%,1.55%,-27.00%,75.89
WST,12.89,70.83,47.17,4.19,11.43,17.86,4.57,0.20%,0.21%,0.64%,95.17%,20.20%,10.23%,54.00%,322.41
WDC,2.12,119.42,10.27,0.41,1.26,96.61,0.55,0.73%,,0.49%,80.09%,1.74%,1.48%,,71.41
WU,57.90,14.71,12.67,1.41,2.26,1769.67,1.79,3.42%,3.57%,0.52%,109.91%,"1,011.96%",6.79%,30.80%,26.35
WRK,1.28,12.56,15.80,1.97,0.79,88.41,-2.61,2.00%,1.50%,1.42%,88.17%,-5.90%,2.71%,9.70%,53.59
WY,3.28,35.70,21.51,5.60,3.79,64.23,1.07,1.34%,1.78%,0.20%,84.68%,9.43%,6.03%,,38.84
WHR,3.54,11.15,11.60,,0.74,119.19,21.44,2.05%,2.34%,0.50%,94.08%,29.87%,7.13%,181.20%,236.12
WMB,2.44,138.88,20.37,2.31,3.72,154.52,0.17,6.78%,6.95%,0.21%,86.28%,1.28%,3.55%,,23.97
WLTW,2.78,30.44,20.33,1.65,3.24,61.53,7.65,1.19%,1.22%,0.25%,100.97%,9.58%,2.91%,-12.50%,231.3
WYNN,12.01,52.91,11.39,0.53,6.32,,-19.37,0.81%,,8.84%,73.10%,-578.73%,-5.29%,,125.0
XEL,2.62,25.48,23.92,3.85,3.26,152.90,2.79,2.42%,2.57%,0.30%,77.01%,10.59%,2.52%,-1.40%,70.6
XLNX,12.26,51.86,35.71,3.73,10.54,78.64,2.50,1.16%,,0.19%,82.96%,23.70%,8.92%,5.50%,133.96
XYL,6.70,78.91,42.92,2.70,4.10,113.00,1.40,0.94%,1.01%,1.05%,91.85%,8.55%,3.73%,25.40%,110.44
YUM,,40.04,29.24,1.99,6.39,,2.94,1.62%,1.70%,0.16%,80.12%,,19.87%,-32.00%,115.68
ZBRA,12.41,53.20,31.15,2.39,6.03,67.63,9.35,,,0.74%,88.30%,25.31%,8.49%,17.80%,498.5
ZBH,3.03,819.71,22.83,2.04,5.23,69.70,-0.67,0.54%,0.54%,0.08%,92.29%,-1.12%,2.37%,4.10%,175.72
ZION,1.21,11.12,11.36,1.35,3.15,,4.92,2.51%,2.51%,1.54%,86.64%,11.00%,1.08%,"2,200.00%",54.61
ZTS,21.49,49.87,38.31,3.25,12.23,197.19,3.42,0.47%,0.59%,0.15%,93.67%,50.49%,11.43%,-6.50%,169.8
